{"b": [2.6464749792362516], "g": [3.2232453214278767], "r": [2.9613987706773113]}