{"B": [54.09578323364258, 0.2747989296913147, 0.0019784104079008102], "G": [48.520992279052734, 0.05255260691046715, 0.0029351452831178904], "R": [47.87550735473633, 0.19775021076202393, 0.0023990024346858263], "type": "deg2"}