{"B": [46.82997512817383, 0.11160952597856522, 0.002294188365340233], "G": [41.67820739746094, 0.09581712633371353, 0.0028952741995453835], "R": [37.4744873046875, 0.22809027135372162, 0.002323441905900836], "type": "deg2"}